{
    "CAM_FRONT":
    {
        "translation": [
            1.5,
            -0.0,
            2.8
        ],
        "rotation": [
            0.5,
            -0.5,
            0.5,
            -0.5
        ],
        "camera_intrinsic": [
            [
                1142.5184053936916,
                0.0,
                800.0
            ],
            [
                0.0,
                1142.5184053936916,
                450.0
            ],
            [
                0.0,
                0.0,
                1.0
            ]
        ]
    },
    "CAM_FRONT_RIGHT":
    {
        "translation": [
            1.3,
            -0.4,
            2.8
        ],
        "rotation": [
            0.2126311,
            -0.2126311,
            0.6743797,
            -0.6743797
        ],
        "camera_intrinsic": [
            [
                1142.5184053936916,
                0.0,
                800.0
            ],
            [
                0.0,
                1142.5184053936916,
                450.0
            ],
            [
                0.0,
                0.0,
                1.0
            ]
        ]
    },
    "CAM_FRONT_LEFT":
    {
        "translation": [
            1.3,
            0.4,
            2.8
        ],
        "rotation": [
            0.6743797,
            -0.6743797,
            0.2126311,
            -0.2126311
        ],
        "camera_intrinsic": [
            [
                1142.5184053936916,
                0.0,
                800.0
            ],
            [
                0.0,
                1142.5184053936916,
                450.0
            ],
            [
                0.0,
                0.0,
                1.0
            ]
        ]
    },
    "CAM_BACK":
    {
        "translation": [
            -2.0,
            -0.0,
            2.8
        ],
        "rotation": [
            0.5,
            -0.5,
            -0.5,
            0.5
        ],
        "camera_intrinsic": [
            [
                1142.5184053936916,
                0.0,
                800.0
            ],
            [
                0.0,
                1142.5184053936916,
                450.0
            ],
            [
                0.0,
                0.0,
                1.0
            ]
        ]
    },
    "CAM_BACK_RIGHT":
    {
        "translation": [
            -0.85,
            -0.4,
            2.8
        ],
        "rotation": [
            -0.1227878,
            0.1227878,
            0.6963642,
            -0.6963642
        ],
        "camera_intrinsic": [
            [
                1142.5184053936916,
                0.0,
                800.0
            ],
            [
                0.0,
                1142.5184053936916,
                450.0
            ],
            [
                0.0,
                0.0,
                1.0
            ]
        ]
    },
    "CAM_BACK_LEFT":
    {
        "translation": [
            -0.85,
            0.4,
            2.8
        ],
        "rotation": [
            0.6963642,
            -0.6963642,
            -0.1227878,
            0.1227878
        ],
        "camera_intrinsic": [
            [
                1142.5184053936916,
                0.0,
                800.0
            ],
            [
                0.0,
                1142.5184053936916,
                450.0
            ],
            [
                0.0,
                0.0,
                1.0
            ]
        ]
    },
    "LIDAR_TOP":
    {
        "translation": [
            0.94,
            -0.0,
            2.8
        ],
        "rotation": [
            1.0,
            0.0,
            0.0,
            0.0
        ],
        "camera_intrinsic": []
    }
}